id,type,bank_code,account_number,created_date,owner_id
ACC-1,VirtualAccount,BRI,4367936589,2022-10-30,CUST-51
ACC-2,VirtualAccount,BTPN,7066767063,2019-04-10,CUST-337
ACC-3,VirtualAccount,BNI,2607533686,2021-09-09,CUST-393
ACC-4,VirtualAccount,BNI,5481465817,2019-02-15,CUST-30
ACC-5,BankAccount,MANDIRI,1441636404,2022-02-08,CUST-444
ACC-6,VirtualAccount,BTPN,8389639955,2022-10-05,CUST-236
ACC-7,VirtualAccount,BSS,7406209789,2020-07-26,CUST-201
ACC-8,VirtualAccount,DBS,3827055172,2022-07-12,CUST-64
ACC-9,VirtualAccount,BRI,7115700214,2019-11-12,CUST-454
ACC-10,BankAccount,MANDIRI,2174870916,2019-05-14,CUST-199
ACC-11,BankAccount,BSS,9852943928,2021-08-04,CUST-437
ACC-12,BankAccount,DBS,1871758041,2019-11-20,CUST-95
ACC-13,BankAccount,DBS,6834757813,2019-03-15,CUST-239
ACC-14,BankAccount,BSS,9391505678,2020-04-16,CUST-401
ACC-15,BankAccount,MANDIRI,8214117356,2020-05-07,CUST-307
ACC-16,VirtualAccount,BTPN,1084753758,2022-01-20,CUST-162
ACC-17,VirtualAccount,BTPN,0342075438,2019-04-05,CUST-442
ACC-18,BankAccount,BSS,9758761994,2021-12-13,CUST-320
ACC-19,BankAccount,DBS,7017293533,2020-03-09,CUST-59
ACC-20,VirtualAccount,BTPN,7266451868,2021-08-31,CUST-408
ACC-21,VirtualAccount,BSS,8036084368,2022-08-19,CUST-252
ACC-22,BankAccount,MANDIRI,2272727565,2020-03-29,CUST-421
ACC-23,BankAccount,MANDIRI,8821815447,2018-12-09,CUST-326
ACC-24,VirtualAccount,BCA,3054949079,2020-12-16,CUST-353
ACC-25,VirtualAccount,BTPN,2973051509,2019-04-23,CUST-368
ACC-26,BankAccount,BRI,3281729568,2019-10-21,CUST-262
ACC-27,BankAccount,BTPN,4457543772,2021-08-22,CUST-348
ACC-28,VirtualAccount,BCA,3848352206,2022-05-10,CUST-481
ACC-29,BankAccount,BCA,4764813351,2018-12-29,CUST-113
ACC-30,BankAccount,BRI,3355853313,2019-04-12,CUST-308
ACC-31,BankAccount,BCA,6739263337,2020-08-04,CUST-92
ACC-32,BankAccount,MANDIRI,0813822335,2021-05-29,CUST-400
ACC-33,BankAccount,BCA,8950122219,2020-12-26,CUST-14
ACC-34,VirtualAccount,BTPN,5254560916,2021-05-17,CUST-393
ACC-35,VirtualAccount,DBS,2543587136,2019-07-27,CUST-91
ACC-36,VirtualAccount,BTPN,6125725383,2020-06-14,CUST-41
ACC-37,BankAccount,BTPN,1091374457,2021-12-25,CUST-289
ACC-38,BankAccount,BRI,2669073301,2020-11-04,CUST-190
ACC-39,VirtualAccount,BSS,4922087958,2019-12-20,CUST-347
ACC-40,VirtualAccount,DBS,9785173453,2019-11-26,CUST-253
ACC-41,VirtualAccount,BRI,1555546412,2021-07-14,CUST-378
ACC-42,BankAccount,BCA,6622390649,2020-04-13,CUST-102
ACC-43,BankAccount,BNI,3645334718,2020-10-07,CUST-419
ACC-44,BankAccount,BTPN,6072606725,2021-06-18,CUST-172
ACC-45,BankAccount,BRI,4443064265,2020-06-08,CUST-174
ACC-46,BankAccount,MANDIRI,5201321747,2021-02-15,CUST-235
ACC-47,VirtualAccount,BRI,0654032807,2021-10-29,CUST-81
ACC-48,VirtualAccount,BTPN,7882994332,2019-09-30,CUST-185
ACC-49,BankAccount,BRI,0236399063,2019-01-24,CUST-22
ACC-50,BankAccount,BCA,1779047096,2020-09-08,CUST-376
ACC-51,BankAccount,BTPN,1019898038,2021-08-22,CUST-458
ACC-52,BankAccount,BSS,9008157195,2022-02-16,CUST-164
ACC-53,VirtualAccount,BSS,8214079233,2020-03-20,CUST-48
ACC-54,VirtualAccount,BSS,4888569444,2021-08-22,CUST-156
ACC-55,BankAccount,BSS,2973883628,2020-12-20,CUST-388
ACC-56,VirtualAccount,MANDIRI,9660983468,2022-07-20,CUST-341
ACC-57,BankAccount,BNI,7264537021,2022-08-11,CUST-197
ACC-58,VirtualAccount,BNI,8977936721,2021-03-31,CUST-478
ACC-59,BankAccount,BSS,1512680753,2021-12-27,CUST-34
ACC-60,VirtualAccount,MANDIRI,8966520898,2021-09-23,CUST-488
ACC-61,VirtualAccount,BNI,8448601874,2022-03-29,CUST-341
ACC-62,VirtualAccount,BCA,9314100774,2020-10-12,CUST-287
ACC-63,VirtualAccount,BNI,1499069766,2019-05-08,CUST-141
ACC-64,VirtualAccount,BNI,9017211261,2020-08-23,CUST-397
ACC-65,VirtualAccount,BRI,0412014777,2021-01-09,CUST-207
ACC-66,VirtualAccount,BTPN,3364610541,2020-04-04,CUST-59
ACC-67,BankAccount,BNI,4685106784,2020-07-25,CUST-489
ACC-68,VirtualAccount,BNI,9201698585,2019-12-31,CUST-205
ACC-69,BankAccount,DBS,6895637915,2022-08-16,CUST-33
ACC-70,VirtualAccount,DBS,7680395829,2019-02-04,CUST-180
ACC-71,VirtualAccount,BRI,1092719296,2019-11-05,CUST-197
ACC-72,VirtualAccount,BTPN,6186017265,2019-11-26,CUST-362
ACC-73,BankAccount,MANDIRI,7506487764,2020-10-26,CUST-3
ACC-74,VirtualAccount,MANDIRI,9468839362,2019-09-23,CUST-497
ACC-75,VirtualAccount,BTPN,6712556813,2022-09-18,CUST-228
ACC-76,BankAccount,BRI,4588607634,2020-08-18,CUST-114
ACC-77,BankAccount,BSS,6360353660,2019-01-30,CUST-496
ACC-78,VirtualAccount,BSS,1816586803,2022-02-18,CUST-352
ACC-79,BankAccount,BTPN,5186302473,2019-02-02,CUST-50
ACC-80,BankAccount,BCA,0897477812,2022-10-26,CUST-43
ACC-81,BankAccount,MANDIRI,4738446452,2021-12-14,CUST-483
ACC-82,BankAccount,DBS,3664481658,2020-07-27,CUST-22
ACC-83,VirtualAccount,BSS,8506454751,2019-03-02,CUST-160
ACC-84,BankAccount,BTPN,0767846591,2020-08-30,CUST-11
ACC-85,VirtualAccount,BRI,9181732864,2020-08-18,CUST-443
ACC-86,VirtualAccount,BTPN,0564186279,2021-07-15,CUST-371
ACC-87,VirtualAccount,BTPN,4473021505,2021-01-13,CUST-307
ACC-88,VirtualAccount,BRI,1943209642,2021-06-08,CUST-210
ACC-89,BankAccount,BNI,2764484348,2021-02-02,CUST-335
ACC-90,BankAccount,BCA,0901590517,2019-11-26,CUST-258
ACC-91,VirtualAccount,BCA,9390877016,2020-03-21,CUST-185
ACC-92,VirtualAccount,BCA,5065079005,2021-02-09,CUST-247
ACC-93,BankAccount,BTPN,1023475421,2020-09-24,CUST-273
ACC-94,BankAccount,BNI,4383111157,2021-02-22,CUST-217
ACC-95,BankAccount,BRI,1979312583,2022-08-18,CUST-22
ACC-96,BankAccount,BSS,2899459791,2019-07-02,CUST-31
ACC-97,BankAccount,MANDIRI,0669413259,2021-01-16,CUST-498
ACC-98,BankAccount,BTPN,6297872139,2019-10-21,CUST-146
ACC-99,BankAccount,BSS,7374195133,2019-01-20,CUST-119
ACC-100,VirtualAccount,DBS,3470540403,2020-10-07,CUST-414
ACC-101,BankAccount,BSS,3948208670,2020-03-27,CUST-413
ACC-102,BankAccount,BCA,5558340940,2022-04-11,CUST-4
ACC-103,BankAccount,BNI,8681777149,2021-04-09,CUST-413
ACC-104,VirtualAccount,BCA,2065200766,2021-05-18,CUST-23
ACC-105,BankAccount,BNI,8014934717,2021-07-18,CUST-61
ACC-106,BankAccount,BNI,9847316457,2022-07-08,CUST-286
ACC-107,VirtualAccount,BTPN,6788273022,2021-12-07,CUST-416
ACC-108,VirtualAccount,BCA,2457309093,2020-03-11,CUST-84
ACC-109,BankAccount,DBS,4780020913,2020-09-19,CUST-160
ACC-110,BankAccount,MANDIRI,2493200454,2020-09-11,CUST-62
ACC-111,VirtualAccount,BTPN,6715891206,2019-02-13,CUST-439
ACC-112,BankAccount,BSS,4121938461,2018-12-09,CUST-59
ACC-113,VirtualAccount,BTPN,7913400129,2022-06-15,CUST-4
ACC-114,BankAccount,BSS,5802218037,2021-07-23,CUST-270
ACC-115,VirtualAccount,DBS,6741751254,2021-03-01,CUST-274
ACC-116,BankAccount,BSS,0260792640,2021-03-18,CUST-76
ACC-117,BankAccount,BNI,4958693947,2022-01-28,CUST-170
ACC-118,BankAccount,BSS,8796397543,2021-08-18,CUST-409
ACC-119,VirtualAccount,BTPN,3090820048,2021-10-19,CUST-183
ACC-120,VirtualAccount,BCA,7559063276,2021-03-11,CUST-306
ACC-121,VirtualAccount,DBS,5678842536,2019-10-29,CUST-202
ACC-122,VirtualAccount,MANDIRI,6069260074,2021-03-03,CUST-296
ACC-123,BankAccount,MANDIRI,6445862810,2019-12-04,CUST-449
ACC-124,BankAccount,MANDIRI,7767499758,2022-06-13,CUST-453
ACC-125,BankAccount,BRI,5668464504,2019-04-01,CUST-78
ACC-126,VirtualAccount,BRI,1292931744,2021-04-25,CUST-146
ACC-127,BankAccount,DBS,4610486504,2019-08-10,CUST-405
ACC-128,BankAccount,BTPN,6608716443,2019-04-13,CUST-109
ACC-129,VirtualAccount,MANDIRI,4539713477,2021-02-03,CUST-267
ACC-130,VirtualAccount,DBS,1816258660,2022-10-25,CUST-126
ACC-131,VirtualAccount,DBS,9819196612,2019-09-12,CUST-23
ACC-132,VirtualAccount,DBS,7748093172,2019-01-01,CUST-210
ACC-133,VirtualAccount,BCA,8249163389,2022-05-06,CUST-284
ACC-134,BankAccount,BSS,9602727845,2020-10-28,CUST-321
ACC-135,VirtualAccount,BSS,7283499199,2022-01-31,CUST-270
ACC-136,BankAccount,MANDIRI,9122116869,2019-07-21,CUST-336
ACC-137,BankAccount,BNI,1912329344,2020-10-18,CUST-155
ACC-138,VirtualAccount,BNI,5152392402,2020-01-10,CUST-216
ACC-139,BankAccount,BNI,7657999187,2020-01-12,CUST-356
ACC-140,VirtualAccount,BSS,1492471062,2021-05-03,CUST-253
ACC-141,VirtualAccount,DBS,3719283674,2020-07-04,CUST-444
ACC-142,VirtualAccount,BSS,2475639113,2019-11-01,CUST-147
ACC-143,VirtualAccount,BCA,8989077915,2021-12-05,CUST-23
ACC-144,BankAccount,BCA,1816088625,2019-02-28,CUST-150
ACC-145,VirtualAccount,BSS,2851928279,2021-02-13,CUST-387
ACC-146,BankAccount,DBS,7971828780,2022-03-08,CUST-312
ACC-147,VirtualAccount,BRI,0895923149,2021-08-23,CUST-376
ACC-148,VirtualAccount,BSS,9728904355,2022-10-19,CUST-366
ACC-149,VirtualAccount,BRI,7026902156,2021-09-18,CUST-150
ACC-150,VirtualAccount,BTPN,8452165676,2019-08-17,CUST-329
ACC-151,BankAccount,BCA,9410849411,2020-02-26,CUST-94
ACC-152,VirtualAccount,BRI,6185560208,2019-12-14,CUST-54
ACC-153,BankAccount,BCA,7479953445,2019-09-26,CUST-60
ACC-154,BankAccount,DBS,1622704614,2021-10-28,CUST-422
ACC-155,VirtualAccount,BRI,9029922532,2019-10-30,CUST-170
ACC-156,BankAccount,BSS,5068402478,2020-03-31,CUST-170
ACC-157,BankAccount,MANDIRI,7630291353,2020-07-03,CUST-336
ACC-158,VirtualAccount,BCA,2632309085,2020-12-24,CUST-77
ACC-159,VirtualAccount,BRI,7643773130,2019-02-25,CUST-166
ACC-160,VirtualAccount,DBS,8416272131,2022-04-14,CUST-295
ACC-161,VirtualAccount,BSS,3186124174,2022-09-28,CUST-447
ACC-162,VirtualAccount,BSS,4943889328,2019-06-23,CUST-351
ACC-163,BankAccount,DBS,7492213719,2019-07-19,CUST-194
ACC-164,VirtualAccount,DBS,6775602804,2021-01-04,CUST-169
ACC-165,BankAccount,BNI,9474041652,2019-08-07,CUST-245
ACC-166,VirtualAccount,BNI,5976548555,2021-04-04,CUST-259
ACC-167,VirtualAccount,BNI,7551941460,2020-09-16,CUST-413
ACC-168,BankAccount,BTPN,5403536892,2021-11-16,CUST-476
ACC-169,VirtualAccount,BRI,8819924234,2020-11-05,CUST-467
ACC-170,VirtualAccount,BSS,6586487692,2022-05-06,CUST-188
ACC-171,VirtualAccount,BSS,4850865348,2020-12-23,CUST-26
ACC-172,BankAccount,BSS,2873583592,2020-04-29,CUST-396
ACC-173,VirtualAccount,MANDIRI,1420684396,2021-10-20,CUST-258
ACC-174,VirtualAccount,BTPN,9534931551,2019-06-28,CUST-400
ACC-175,BankAccount,BCA,3199606652,2019-03-05,CUST-366
ACC-176,BankAccount,BCA,9293730464,2022-08-15,CUST-274
ACC-177,VirtualAccount,BNI,4643721782,2020-07-12,CUST-442
ACC-178,VirtualAccount,BNI,6361915875,2019-07-15,CUST-202
ACC-179,VirtualAccount,BRI,3925803432,2022-07-30,CUST-293
ACC-180,BankAccount,BTPN,2166062717,2021-07-31,CUST-249
ACC-181,BankAccount,DBS,0077854306,2021-04-12,CUST-349
ACC-182,VirtualAccount,BNI,8768602995,2021-11-27,CUST-44
ACC-183,BankAccount,BNI,9760482150,2021-12-16,CUST-417
ACC-184,BankAccount,BRI,0883632586,2021-12-15,CUST-23
ACC-185,VirtualAccount,BRI,0545651611,2019-07-15,CUST-232
ACC-186,BankAccount,BRI,0784310939,2020-11-14,CUST-200
ACC-187,VirtualAccount,BSS,9317068162,2022-10-28,CUST-265
ACC-188,VirtualAccount,BCA,2881466559,2022-08-17,CUST-167
ACC-189,VirtualAccount,MANDIRI,8013053849,2019-12-19,CUST-467
ACC-190,BankAccount,BCA,5646783119,2022-02-26,CUST-155
ACC-191,BankAccount,BCA,5576242653,2019-10-17,CUST-26
ACC-192,BankAccount,BRI,7093670024,2020-12-18,CUST-56
ACC-193,BankAccount,BNI,8132331885,2019-02-06,CUST-276
ACC-194,BankAccount,DBS,0120991179,2020-06-19,CUST-435
ACC-195,BankAccount,BRI,5039806841,2021-02-20,CUST-77
ACC-196,BankAccount,MANDIRI,4189769738,2019-05-22,CUST-188
ACC-197,VirtualAccount,DBS,2139704657,2022-09-14,CUST-79
ACC-198,BankAccount,BNI,0514985747,2019-07-05,CUST-388
ACC-199,BankAccount,BCA,0932640265,2022-08-06,CUST-471
ACC-200,VirtualAccount,BRI,1370707339,2021-11-11,CUST-419
ACC-201,VirtualAccount,BSS,8497459946,2019-10-23,CUST-220
ACC-202,BankAccount,BSS,9117973694,2022-05-29,CUST-112
ACC-203,BankAccount,BNI,4538754900,2019-08-09,CUST-319
ACC-204,BankAccount,BNI,7121689103,2021-03-23,CUST-120
ACC-205,VirtualAccount,BRI,7512291779,2020-07-14,CUST-482
ACC-206,BankAccount,DBS,6924534015,2021-09-11,CUST-91
ACC-207,VirtualAccount,MANDIRI,1794523200,2019-03-29,CUST-110
ACC-208,BankAccount,BRI,2634216661,2020-06-30,CUST-10
ACC-209,BankAccount,MANDIRI,9336139231,2020-12-17,CUST-140
ACC-210,VirtualAccount,BTPN,5835593422,2022-01-10,CUST-195
ACC-211,BankAccount,BNI,8143923479,2022-01-20,CUST-105
ACC-212,VirtualAccount,BTPN,8428532117,2019-10-07,CUST-24
ACC-213,BankAccount,BCA,7513201307,2021-08-17,CUST-12
ACC-214,BankAccount,BNI,0154396354,2020-09-25,CUST-454
ACC-215,BankAccount,BCA,0724328483,2020-08-08,CUST-317
ACC-216,BankAccount,DBS,6168233814,2021-05-29,CUST-422
ACC-217,VirtualAccount,BCA,5663327320,2022-04-20,CUST-359
ACC-218,VirtualAccount,DBS,2095046471,2019-04-20,CUST-262
ACC-219,BankAccount,MANDIRI,1807579271,2022-05-21,CUST-23
ACC-220,BankAccount,BNI,0915188430,2021-02-18,CUST-406
ACC-221,VirtualAccount,DBS,2293061310,2019-09-06,CUST-260
ACC-222,BankAccount,BNI,2973761670,2022-04-08,CUST-324
ACC-223,VirtualAccount,BNI,8103926914,2021-07-16,CUST-281
ACC-224,VirtualAccount,BNI,0816648719,2018-12-31,CUST-123
ACC-225,BankAccount,BRI,0359344852,2021-04-07,CUST-241
ACC-226,BankAccount,BSS,6507190438,2022-06-27,CUST-364
ACC-227,VirtualAccount,MANDIRI,4143403455,2020-01-18,CUST-107
ACC-228,BankAccount,BCA,6229061112,2019-10-27,CUST-94
ACC-229,BankAccount,BNI,2665513595,2022-03-11,CUST-497
ACC-230,VirtualAccount,BCA,4787379984,2021-06-30,CUST-399
ACC-231,VirtualAccount,BNI,2393243410,2020-09-23,CUST-3
ACC-232,BankAccount,BRI,7463588971,2019-02-15,CUST-478
ACC-233,BankAccount,BTPN,3644617805,2020-07-09,CUST-134
ACC-234,VirtualAccount,BCA,9451825681,2022-03-11,CUST-5
ACC-235,BankAccount,BTPN,1566218489,2018-11-10,CUST-163
ACC-236,VirtualAccount,BRI,4658623285,2022-10-27,CUST-15
ACC-237,BankAccount,BCA,1868186792,2022-02-19,CUST-302
ACC-238,BankAccount,BSS,8149130128,2021-06-24,CUST-354
ACC-239,VirtualAccount,BRI,8817157791,2021-04-12,CUST-339
ACC-240,BankAccount,BNI,0240593464,2021-05-07,CUST-463
ACC-241,VirtualAccount,DBS,6790014985,2019-06-16,CUST-465
ACC-242,VirtualAccount,DBS,1621479595,2020-09-20,CUST-33
ACC-243,BankAccount,BNI,4001691841,2019-07-31,CUST-142
ACC-244,VirtualAccount,BRI,9323612936,2021-02-20,CUST-89
ACC-245,VirtualAccount,MANDIRI,4535685940,2019-05-13,CUST-99
ACC-246,VirtualAccount,DBS,8235845768,2019-02-07,CUST-446
ACC-247,BankAccount,BSS,2553854404,2022-08-06,CUST-71
ACC-248,BankAccount,DBS,7165297294,2021-04-24,CUST-492
ACC-249,BankAccount,BTPN,0610423754,2021-05-02,CUST-424
ACC-250,VirtualAccount,BTPN,8761761303,2021-11-12,CUST-62
ACC-251,BankAccount,BTPN,9625958185,2021-12-06,CUST-8
ACC-252,BankAccount,BCA,6938102813,2021-10-30,CUST-20
ACC-253,BankAccount,BRI,9509158917,2019-08-24,CUST-428
ACC-254,VirtualAccount,BSS,4652501285,2021-10-30,CUST-486
ACC-255,BankAccount,BCA,5758072982,2020-06-27,CUST-496
ACC-256,BankAccount,MANDIRI,5619981533,2021-04-26,CUST-167
ACC-257,BankAccount,BSS,1320428304,2022-07-28,CUST-235
ACC-258,BankAccount,DBS,0942071077,2022-06-10,CUST-300
ACC-259,VirtualAccount,BRI,1243872071,2020-05-21,CUST-210
ACC-260,BankAccount,BRI,8332790883,2021-05-28,CUST-428
ACC-261,VirtualAccount,BNI,6222090311,2019-11-06,CUST-252
ACC-262,BankAccount,BNI,7240450147,2019-12-18,CUST-182
ACC-263,VirtualAccount,BCA,6723903951,2021-01-17,CUST-339
ACC-264,BankAccount,DBS,2380235384,2021-06-03,CUST-313
ACC-265,VirtualAccount,BNI,7766742195,2019-06-15,CUST-148
ACC-266,BankAccount,BNI,8082446765,2020-06-23,CUST-464
ACC-267,VirtualAccount,BNI,9555743665,2019-08-30,CUST-458
ACC-268,BankAccount,BTPN,9692186660,2020-10-06,CUST-430
ACC-269,BankAccount,BCA,1683694104,2021-03-31,CUST-346
ACC-270,VirtualAccount,BCA,3534416813,2019-07-13,CUST-211
ACC-271,VirtualAccount,BSS,7667944091,2022-01-24,CUST-362
ACC-272,BankAccount,DBS,9326413330,2018-11-27,CUST-136
ACC-273,VirtualAccount,BCA,2298009171,2020-11-13,CUST-420
ACC-274,VirtualAccount,BRI,4090495881,2019-03-29,CUST-45
ACC-275,VirtualAccount,BNI,8485109589,2020-02-29,CUST-467
ACC-276,BankAccount,BSS,6753399089,2019-05-27,CUST-173
ACC-277,BankAccount,DBS,3365231250,2020-04-01,CUST-494
ACC-278,VirtualAccount,BNI,4663241840,2021-05-08,CUST-411
ACC-279,VirtualAccount,BSS,9536822687,2022-02-09,CUST-500
ACC-280,BankAccount,DBS,3040520342,2019-10-21,CUST-110
ACC-281,VirtualAccount,MANDIRI,7874024087,2022-01-30,CUST-470
ACC-282,VirtualAccount,BNI,4457622206,2021-05-31,CUST-3
ACC-283,BankAccount,BCA,9323089036,2018-11-25,CUST-253
ACC-284,BankAccount,BTPN,4790722910,2019-09-07,CUST-298
ACC-285,VirtualAccount,BNI,5455999699,2019-06-03,CUST-290
ACC-286,BankAccount,BTPN,2128978947,2021-08-29,CUST-22
ACC-287,BankAccount,BRI,0750142669,2021-04-01,CUST-68
ACC-288,VirtualAccount,BCA,2623521808,2019-10-21,CUST-382
ACC-289,VirtualAccount,BRI,9024665930,2019-04-21,CUST-19
ACC-290,BankAccount,MANDIRI,3277589323,2022-10-14,CUST-52
ACC-291,VirtualAccount,MANDIRI,8735236841,2020-01-04,CUST-197
ACC-292,BankAccount,BRI,3689900085,2019-12-07,CUST-25
ACC-293,BankAccount,BCA,1580946542,2019-01-29,CUST-69
ACC-294,BankAccount,BSS,9643548961,2021-07-05,CUST-156
ACC-295,VirtualAccount,MANDIRI,2278108476,2020-12-04,CUST-204
ACC-296,BankAccount,BCA,9754220735,2022-09-05,CUST-86
ACC-297,VirtualAccount,BRI,3583406028,2020-07-09,CUST-431
ACC-298,BankAccount,BNI,5958280708,2019-08-07,CUST-204
ACC-299,VirtualAccount,BTPN,2979222399,2021-01-22,CUST-158
ACC-300,BankAccount,BCA,9916997330,2019-11-14,CUST-304
ACC-301,BankAccount,BCA,1202046223,2022-05-12,CUST-328
ACC-302,VirtualAccount,BNI,7766714973,2020-09-08,CUST-22
ACC-303,VirtualAccount,BTPN,2385155478,2020-02-16,CUST-401
ACC-304,BankAccount,BTPN,0809075644,2019-07-31,CUST-110
ACC-305,BankAccount,BRI,4948818615,2021-06-10,CUST-216
ACC-306,VirtualAccount,MANDIRI,3284415335,2020-11-12,CUST-155
ACC-307,BankAccount,DBS,1887561692,2021-09-01,CUST-498
ACC-308,BankAccount,BSS,0986471763,2019-07-10,CUST-296
ACC-309,BankAccount,MANDIRI,6025559031,2022-01-08,CUST-132
ACC-310,BankAccount,BCA,9410082846,2020-04-22,CUST-112
ACC-311,BankAccount,BTPN,0582969212,2020-08-12,CUST-113
ACC-312,BankAccount,BRI,2018070169,2020-06-10,CUST-14
ACC-313,VirtualAccount,BRI,4873716934,2022-07-22,CUST-396
ACC-314,BankAccount,BSS,0665335938,2022-01-27,CUST-372
ACC-315,BankAccount,BRI,1159232261,2022-06-12,CUST-113
ACC-316,VirtualAccount,BSS,8963454827,2022-10-30,CUST-356
ACC-317,BankAccount,BNI,8606754102,2021-07-27,CUST-11
ACC-318,BankAccount,BSS,6547505707,2021-02-12,CUST-193
ACC-319,VirtualAccount,DBS,4198242119,2020-11-09,CUST-316
ACC-320,VirtualAccount,BRI,0008071780,2021-08-16,CUST-156
ACC-321,VirtualAccount,MANDIRI,3084164126,2020-06-12,CUST-124
ACC-322,BankAccount,BNI,1837176647,2020-05-07,CUST-399
ACC-323,VirtualAccount,BSS,3080172558,2019-06-03,CUST-457
ACC-324,VirtualAccount,MANDIRI,9167674909,2020-08-06,CUST-158
ACC-325,VirtualAccount,MANDIRI,7375298165,2020-09-17,CUST-218
ACC-326,BankAccount,BTPN,2668212766,2019-06-11,CUST-245
ACC-327,BankAccount,BTPN,2772619567,2022-06-28,CUST-81
ACC-328,VirtualAccount,BCA,8188523399,2022-06-03,CUST-327
ACC-329,VirtualAccount,BNI,0285363875,2020-10-23,CUST-33
ACC-330,VirtualAccount,BRI,2933051958,2020-11-18,CUST-264
ACC-331,VirtualAccount,BCA,9049997546,2022-05-22,CUST-136
ACC-332,VirtualAccount,MANDIRI,2060687187,2019-03-29,CUST-133
ACC-333,BankAccount,BSS,6106041180,2021-09-04,CUST-163
ACC-334,BankAccount,BRI,0999951076,2022-04-10,CUST-387
ACC-335,BankAccount,BCA,1992225869,2019-10-01,CUST-322
ACC-336,VirtualAccount,BNI,9609040098,2021-06-09,CUST-392
ACC-337,BankAccount,MANDIRI,2911551966,2022-05-12,CUST-427
ACC-338,VirtualAccount,DBS,2666538710,2020-09-29,CUST-435
ACC-339,BankAccount,MANDIRI,2001533748,2019-01-22,CUST-102
ACC-340,BankAccount,BCA,5045856251,2021-07-19,CUST-288
ACC-341,VirtualAccount,DBS,4514576352,2021-05-07,CUST-54
ACC-342,VirtualAccount,BRI,9952407254,2021-06-06,CUST-34
ACC-343,BankAccount,DBS,8692777730,2020-09-05,CUST-53
ACC-344,BankAccount,DBS,9455119870,2021-10-10,CUST-157
ACC-345,BankAccount,MANDIRI,7675687272,2021-02-12,CUST-87
ACC-346,VirtualAccount,BCA,4655199539,2021-11-24,CUST-391
ACC-347,BankAccount,DBS,1043863117,2019-01-16,CUST-47
ACC-348,BankAccount,BNI,2003339515,2022-01-26,CUST-126
ACC-349,VirtualAccount,BNI,4021437762,2020-03-02,CUST-33
ACC-350,VirtualAccount,BCA,8412762754,2020-07-21,CUST-478
ACC-351,BankAccount,BTPN,7186325122,2019-03-09,CUST-349
ACC-352,VirtualAccount,BTPN,7483444282,2021-07-29,CUST-16
ACC-353,VirtualAccount,BNI,8790396685,2019-01-09,CUST-227
ACC-354,VirtualAccount,BCA,3528870400,2022-05-07,CUST-203
ACC-355,VirtualAccount,BTPN,2266010336,2019-05-20,CUST-128
ACC-356,VirtualAccount,BTPN,5606065797,2020-12-09,CUST-271
ACC-357,VirtualAccount,BCA,7459253189,2022-06-10,CUST-494
ACC-358,BankAccount,BSS,0389148776,2020-11-24,CUST-353
ACC-359,BankAccount,MANDIRI,9088653747,2021-08-13,CUST-476
ACC-360,VirtualAccount,BTPN,7540971002,2019-01-25,CUST-349
ACC-361,VirtualAccount,MANDIRI,7429810837,2021-05-29,CUST-206
ACC-362,VirtualAccount,BCA,7659559648,2021-03-30,CUST-28
ACC-363,VirtualAccount,BSS,3027619675,2022-10-01,CUST-457
ACC-364,BankAccount,BRI,8842054194,2022-01-13,CUST-247
ACC-365,VirtualAccount,BSS,7127769753,2021-12-15,CUST-419
ACC-366,BankAccount,BRI,4719193943,2022-08-04,CUST-223
ACC-367,VirtualAccount,BTPN,5638307656,2022-10-07,CUST-354
ACC-368,VirtualAccount,BNI,8659943023,2019-07-28,CUST-426
ACC-369,BankAccount,BTPN,3683125896,2019-08-18,CUST-160
ACC-370,VirtualAccount,BCA,2824016671,2021-07-25,CUST-182
ACC-371,VirtualAccount,DBS,6906894013,2020-05-15,CUST-164
ACC-372,VirtualAccount,BRI,5530098002,2019-07-09,CUST-372
ACC-373,VirtualAccount,BCA,2188586980,2022-10-22,CUST-333
ACC-374,BankAccount,MANDIRI,9608014565,2020-09-12,CUST-482
ACC-375,VirtualAccount,BCA,4492266240,2022-08-25,CUST-267
ACC-376,VirtualAccount,DBS,3080688317,2022-09-15,CUST-59
ACC-377,BankAccount,MANDIRI,9603205648,2020-09-13,CUST-252
ACC-378,BankAccount,BSS,6733865912,2019-10-21,CUST-213
ACC-379,BankAccount,BCA,2186450593,2021-12-28,CUST-92
ACC-380,BankAccount,BNI,1499761635,2020-01-03,CUST-172
ACC-381,VirtualAccount,DBS,4923930845,2020-10-26,CUST-385
ACC-382,BankAccount,BRI,9664879460,2021-06-04,CUST-360
ACC-383,BankAccount,DBS,4857128195,2020-02-24,CUST-327
ACC-384,VirtualAccount,BSS,0192585045,2020-10-05,CUST-118
ACC-385,BankAccount,MANDIRI,1518883842,2022-06-29,CUST-58
ACC-386,VirtualAccount,BNI,3971598803,2020-07-31,CUST-61
ACC-387,BankAccount,BRI,8034273538,2020-07-03,CUST-398
ACC-388,VirtualAccount,MANDIRI,9295427939,2022-10-04,CUST-15
ACC-389,VirtualAccount,BRI,3561238742,2021-06-11,CUST-437
ACC-390,BankAccount,BTPN,4161763611,2021-05-24,CUST-282
ACC-391,VirtualAccount,BTPN,7598674167,2021-05-25,CUST-269
ACC-392,BankAccount,BRI,9906205032,2022-04-05,CUST-497
ACC-393,BankAccount,DBS,2189172233,2018-11-26,CUST-257
ACC-394,VirtualAccount,BNI,0345628330,2022-03-07,CUST-309
ACC-395,VirtualAccount,BSS,4071731389,2019-10-27,CUST-298
ACC-396,VirtualAccount,BNI,4881314866,2022-06-14,CUST-305
ACC-397,BankAccount,BTPN,8466711317,2022-04-23,CUST-365
ACC-398,VirtualAccount,BSS,0265416264,2019-04-19,CUST-178
ACC-399,BankAccount,BTPN,6378934819,2019-04-25,CUST-404
ACC-400,VirtualAccount,DBS,6009826683,2019-08-10,CUST-433
ACC-401,BankAccount,BNI,4092298714,2019-08-17,CUST-194
ACC-402,BankAccount,BRI,5332704542,2022-10-25,CUST-24
ACC-403,BankAccount,DBS,0896076296,2019-02-22,CUST-313
ACC-404,VirtualAccount,BRI,7223347295,2021-06-19,CUST-311
ACC-405,VirtualAccount,BTPN,5524902148,2019-12-15,CUST-387
ACC-406,VirtualAccount,BNI,0222952342,2019-05-01,CUST-11
ACC-407,VirtualAccount,BSS,0125911025,2021-03-06,CUST-282
ACC-408,BankAccount,MANDIRI,4622907062,2018-12-26,CUST-286
ACC-409,VirtualAccount,BCA,5575635244,2019-08-02,CUST-86
ACC-410,BankAccount,MANDIRI,4100624220,2020-06-07,CUST-436
ACC-411,BankAccount,BNI,2724704509,2019-03-23,CUST-120
ACC-412,BankAccount,BCA,3827652812,2019-11-01,CUST-228
ACC-413,BankAccount,BRI,8394246753,2022-02-10,CUST-372
ACC-414,BankAccount,BSS,3548748090,2019-07-12,CUST-354
ACC-415,VirtualAccount,BNI,7586013039,2022-08-19,CUST-7
ACC-416,VirtualAccount,BRI,3229441168,2019-04-07,CUST-239
ACC-417,VirtualAccount,MANDIRI,7250266446,2022-08-29,CUST-500
ACC-418,BankAccount,BSS,1513867113,2021-09-21,CUST-394
ACC-419,BankAccount,BRI,1798213044,2020-06-14,CUST-439
ACC-420,BankAccount,BSS,3505008001,2020-03-31,CUST-119
ACC-421,BankAccount,BRI,0258059729,2021-12-03,CUST-354
ACC-422,BankAccount,BCA,0186599676,2020-04-11,CUST-379
ACC-423,VirtualAccount,BSS,1822944988,2021-03-24,CUST-497
ACC-424,VirtualAccount,BSS,6944346591,2020-11-05,CUST-447
ACC-425,VirtualAccount,BRI,1256864749,2021-07-27,CUST-292
ACC-426,VirtualAccount,MANDIRI,9031241318,2021-11-13,CUST-326
ACC-427,VirtualAccount,BRI,3321293722,2020-04-20,CUST-48
ACC-428,BankAccount,BRI,8186331476,2019-04-19,CUST-310
ACC-429,VirtualAccount,BRI,6053958948,2019-10-01,CUST-246
ACC-430,VirtualAccount,BCA,2016952423,2021-06-27,CUST-117
ACC-431,BankAccount,DBS,0777251914,2021-09-22,CUST-248
ACC-432,VirtualAccount,BTPN,2000548865,2019-10-21,CUST-186
ACC-433,BankAccount,BSS,9925963354,2020-02-17,CUST-26
ACC-434,VirtualAccount,BSS,7274344781,2020-01-22,CUST-245
ACC-435,BankAccount,MANDIRI,5467630911,2021-01-14,CUST-34
ACC-436,VirtualAccount,BNI,3467576915,2020-09-10,CUST-314
ACC-437,VirtualAccount,BCA,6814578077,2019-08-31,CUST-78
ACC-438,VirtualAccount,BTPN,7004279715,2021-07-04,CUST-252
ACC-439,BankAccount,MANDIRI,8977618142,2022-07-15,CUST-8
ACC-440,BankAccount,DBS,5042775412,2021-09-11,CUST-354
ACC-441,VirtualAccount,BSS,1391921976,2019-09-05,CUST-126
ACC-442,BankAccount,BNI,2285668252,2019-07-06,CUST-72
ACC-443,BankAccount,BSS,8725003585,2022-04-26,CUST-470
ACC-444,BankAccount,DBS,2501969022,2021-11-29,CUST-278
ACC-445,BankAccount,MANDIRI,6640838125,2021-12-15,CUST-237
ACC-446,VirtualAccount,BTPN,3851114205,2020-10-24,CUST-173
ACC-447,BankAccount,BTPN,8471593343,2019-02-08,CUST-161
ACC-448,VirtualAccount,BNI,3229528778,2021-08-06,CUST-437
ACC-449,VirtualAccount,BCA,6287773944,2020-11-18,CUST-400
ACC-450,VirtualAccount,BSS,4153866687,2020-08-18,CUST-415
ACC-451,VirtualAccount,BNI,6663066137,2019-07-19,CUST-300
ACC-452,VirtualAccount,DBS,6988233725,2022-06-02,CUST-392
ACC-453,BankAccount,DBS,1659934702,2022-02-08,CUST-126
ACC-454,VirtualAccount,BRI,5160339191,2021-09-12,CUST-276
ACC-455,VirtualAccount,BNI,4204510841,2020-01-28,CUST-446
ACC-456,VirtualAccount,MANDIRI,8404709408,2021-09-28,CUST-270
ACC-457,VirtualAccount,DBS,2563088151,2020-07-05,CUST-84
ACC-458,BankAccount,DBS,4346170390,2021-08-09,CUST-101
ACC-459,VirtualAccount,BTPN,9027372829,2022-01-12,CUST-277
ACC-460,BankAccount,BSS,0886135796,2022-03-07,CUST-182
ACC-461,VirtualAccount,DBS,0450891631,2020-06-03,CUST-495
ACC-462,BankAccount,BSS,0166916803,2021-09-19,CUST-346
ACC-463,BankAccount,DBS,3114252125,2020-07-26,CUST-1
ACC-464,BankAccount,BTPN,9990462550,2021-08-24,CUST-347
ACC-465,VirtualAccount,BSS,6474177608,2021-08-29,CUST-53
ACC-466,BankAccount,BCA,5717102151,2021-03-30,CUST-253
ACC-467,BankAccount,MANDIRI,4215533813,2021-10-13,CUST-169
ACC-468,VirtualAccount,DBS,9955096055,2022-08-15,CUST-446
ACC-469,BankAccount,MANDIRI,6010918871,2019-01-09,CUST-282
ACC-470,BankAccount,BCA,8924104055,2021-06-02,CUST-206
ACC-471,BankAccount,BCA,4421885029,2022-01-31,CUST-397
ACC-472,VirtualAccount,BTPN,0486243257,2019-03-16,CUST-477
ACC-473,VirtualAccount,BCA,3114338712,2019-04-19,CUST-105
ACC-474,VirtualAccount,DBS,0234381795,2020-10-17,CUST-30
ACC-475,BankAccount,BSS,4349284753,2022-06-07,CUST-322
ACC-476,VirtualAccount,BTPN,6382272159,2022-02-13,CUST-203
ACC-477,VirtualAccount,BRI,9433733398,2020-09-06,CUST-439
ACC-478,BankAccount,BRI,0931907543,2022-02-18,CUST-174
ACC-479,BankAccount,BNI,0484405667,2022-04-02,CUST-140
ACC-480,BankAccount,BRI,1433791382,2019-06-26,CUST-459
ACC-481,BankAccount,BCA,9246052099,2019-10-05,CUST-91
ACC-482,BankAccount,BTPN,7361362087,2020-02-25,CUST-291
ACC-483,BankAccount,BCA,2853426718,2022-06-28,CUST-13
ACC-484,VirtualAccount,DBS,8082116315,2020-05-04,CUST-308
ACC-485,BankAccount,MANDIRI,7794254795,2021-11-19,CUST-68
ACC-486,BankAccount,BCA,4544951100,2021-01-03,CUST-33
ACC-487,VirtualAccount,DBS,7947221812,2019-04-06,CUST-415
ACC-488,VirtualAccount,BTPN,7250670646,2019-01-13,CUST-225
ACC-489,BankAccount,DBS,4126184708,2019-07-11,CUST-182
ACC-490,VirtualAccount,BCA,0528550454,2022-09-23,CUST-477
ACC-491,VirtualAccount,DBS,1787708489,2021-10-15,CUST-52
ACC-492,VirtualAccount,BCA,4310914144,2022-03-03,CUST-119
ACC-493,VirtualAccount,MANDIRI,3523926653,2022-03-11,CUST-417
ACC-494,BankAccount,BRI,4907108508,2021-09-09,CUST-413
ACC-495,VirtualAccount,BRI,9888375776,2019-05-25,CUST-303
ACC-496,VirtualAccount,BCA,6883838740,2021-05-07,CUST-362
ACC-497,BankAccount,BSS,9222628519,2020-01-03,CUST-442
ACC-498,BankAccount,MANDIRI,8458041979,2020-04-29,CUST-377
ACC-499,BankAccount,BRI,4398568344,2020-01-14,CUST-219
ACC-500,VirtualAccount,MANDIRI,9927066422,2022-01-30,CUST-401
ACC-501,BankAccount,BSS,6268854640,2022-01-10,CUST-136
ACC-502,VirtualAccount,BNI,6735591127,2021-07-29,CUST-106
ACC-503,BankAccount,DBS,0965880567,2021-05-24,CUST-166
ACC-504,VirtualAccount,DBS,5502117154,2019-03-20,CUST-361
ACC-505,VirtualAccount,MANDIRI,5516405785,2020-05-13,CUST-43
ACC-506,BankAccount,BCA,0735540012,2021-08-21,CUST-50
ACC-507,VirtualAccount,BSS,0246003545,2019-03-09,CUST-190
ACC-508,BankAccount,BSS,4703149036,2019-07-29,CUST-289
ACC-509,VirtualAccount,MANDIRI,3410839151,2020-11-25,CUST-347
ACC-510,VirtualAccount,MANDIRI,3903316156,2021-03-04,CUST-486
ACC-511,VirtualAccount,BCA,2099716994,2018-12-27,CUST-149
ACC-512,VirtualAccount,BTPN,3033231675,2018-12-07,CUST-471
ACC-513,VirtualAccount,BTPN,8854421200,2021-05-18,CUST-2
ACC-514,BankAccount,BRI,8509567433,2022-06-23,CUST-472
ACC-515,BankAccount,BRI,2170897119,2020-07-23,CUST-147
ACC-516,BankAccount,BNI,0823598209,2019-03-25,CUST-92
ACC-517,VirtualAccount,BTPN,6562125804,2019-05-05,CUST-87
ACC-518,VirtualAccount,BSS,4119493512,2020-07-02,CUST-205
ACC-519,BankAccount,DBS,6864008630,2021-08-22,CUST-383
ACC-520,BankAccount,BNI,9274129521,2018-12-20,CUST-260
ACC-521,VirtualAccount,DBS,7313777817,2021-10-26,CUST-410
ACC-522,BankAccount,DBS,1831230437,2022-01-14,CUST-215
ACC-523,BankAccount,BTPN,3016249359,2021-08-02,CUST-34
ACC-524,VirtualAccount,BCA,4078960677,2020-05-12,CUST-73
ACC-525,VirtualAccount,BRI,9817589625,2020-09-29,CUST-267
ACC-526,VirtualAccount,MANDIRI,1873312865,2021-12-31,CUST-135
ACC-527,VirtualAccount,BCA,7744773373,2021-07-01,CUST-275
ACC-528,VirtualAccount,DBS,0233245235,2021-04-21,CUST-428
ACC-529,VirtualAccount,BRI,4710745757,2021-07-13,CUST-206
ACC-530,BankAccount,BRI,8912796887,2020-10-12,CUST-396
ACC-531,BankAccount,BNI,8608105446,2022-06-28,CUST-282
ACC-532,BankAccount,DBS,7407372586,2022-03-15,CUST-97
ACC-533,VirtualAccount,BNI,2607809096,2021-05-28,CUST-136
ACC-534,BankAccount,BCA,2592282734,2020-04-30,CUST-74
ACC-535,BankAccount,BRI,4427097847,2021-01-29,CUST-239
ACC-536,VirtualAccount,BSS,2414123117,2020-05-10,CUST-436
ACC-537,BankAccount,BCA,8326647276,2020-09-22,CUST-34
ACC-538,BankAccount,DBS,9888690647,2022-10-25,CUST-187
ACC-539,VirtualAccount,BTPN,3679993323,2019-08-03,CUST-177
ACC-540,VirtualAccount,BNI,1711686506,2020-04-04,CUST-236
ACC-541,BankAccount,BRI,0345996453,2021-12-31,CUST-359
ACC-542,BankAccount,BRI,6177896650,2021-09-15,CUST-371
ACC-543,VirtualAccount,BCA,8057290889,2022-08-26,CUST-199
ACC-544,BankAccount,BSS,7850435729,2021-11-29,CUST-4
ACC-545,BankAccount,BRI,7492791941,2021-10-19,CUST-160
ACC-546,VirtualAccount,BSS,7500598750,2020-06-01,CUST-359
ACC-547,VirtualAccount,MANDIRI,8458762226,2020-07-06,CUST-5
ACC-548,VirtualAccount,BTPN,4090996066,2020-04-08,CUST-234
ACC-549,VirtualAccount,BTPN,4550866586,2019-01-21,CUST-256
ACC-550,BankAccount,BNI,3526761515,2021-01-10,CUST-299
ACC-551,VirtualAccount,DBS,9199362074,2019-06-16,CUST-432
ACC-552,VirtualAccount,BSS,9343082568,2018-12-14,CUST-200
ACC-553,VirtualAccount,BCA,9639600075,2022-07-26,CUST-220
ACC-554,VirtualAccount,BCA,1172086249,2019-10-09,CUST-499
ACC-555,VirtualAccount,MANDIRI,7050605107,2019-11-30,CUST-423
ACC-556,BankAccount,BRI,4410746812,2021-05-13,CUST-481
ACC-557,BankAccount,DBS,5648411529,2021-01-21,CUST-427
ACC-558,BankAccount,BNI,9774727975,2021-09-23,CUST-285
ACC-559,BankAccount,BSS,8978981534,2019-07-12,CUST-229
ACC-560,BankAccount,BCA,1829583638,2021-06-23,CUST-108
ACC-561,VirtualAccount,BTPN,5138312669,2019-01-22,CUST-1
ACC-562,VirtualAccount,BRI,8300137858,2020-06-09,CUST-310
ACC-563,BankAccount,MANDIRI,7620682716,2022-06-15,CUST-168
ACC-564,VirtualAccount,BCA,5113930369,2021-04-13,CUST-342
ACC-565,BankAccount,DBS,8133812011,2021-10-27,CUST-51
ACC-566,BankAccount,BTPN,4754906152,2021-04-07,CUST-262
ACC-567,BankAccount,BTPN,6520381667,2022-05-23,CUST-147
ACC-568,VirtualAccount,BCA,9539575982,2020-02-03,CUST-247
ACC-569,VirtualAccount,BRI,6241523899,2022-01-21,CUST-376
ACC-570,VirtualAccount,BTPN,1211292266,2018-11-11,CUST-363
ACC-571,VirtualAccount,DBS,1440222126,2022-08-20,CUST-436
ACC-572,VirtualAccount,BTPN,3889671616,2021-05-14,CUST-173
ACC-573,VirtualAccount,BNI,2540434134,2020-05-18,CUST-18
ACC-574,BankAccount,MANDIRI,5571439874,2019-01-15,CUST-240
ACC-575,BankAccount,BNI,5313142674,2019-02-02,CUST-352
ACC-576,BankAccount,BRI,2112093398,2021-08-14,CUST-420
ACC-577,VirtualAccount,BRI,9877111047,2022-03-25,CUST-419
ACC-578,BankAccount,DBS,8274723287,2021-06-16,CUST-345
ACC-579,BankAccount,DBS,9548585367,2021-04-09,CUST-289
ACC-580,VirtualAccount,BRI,8759549025,2021-02-21,CUST-227
ACC-581,BankAccount,DBS,1159799709,2019-11-09,CUST-351
ACC-582,BankAccount,BNI,8303895761,2020-12-28,CUST-346
ACC-583,VirtualAccount,BSS,6537224489,2022-01-20,CUST-449
ACC-584,VirtualAccount,BTPN,7985110003,2019-04-01,CUST-422
ACC-585,VirtualAccount,DBS,2960407806,2019-03-26,CUST-480
ACC-586,BankAccount,MANDIRI,5026893333,2019-03-30,CUST-404
ACC-587,VirtualAccount,BSS,5107433332,2020-04-16,CUST-165
ACC-588,VirtualAccount,BSS,0752864033,2019-12-26,CUST-8
ACC-589,VirtualAccount,BNI,3002771775,2022-02-22,CUST-484
ACC-590,BankAccount,BNI,8744926073,2022-03-10,CUST-327
ACC-591,VirtualAccount,BSS,5231188557,2019-06-16,CUST-272
ACC-592,VirtualAccount,DBS,2245081064,2020-05-03,CUST-346
ACC-593,BankAccount,BTPN,8803999671,2020-03-08,CUST-27
ACC-594,BankAccount,BNI,3267513219,2019-04-13,CUST-496
ACC-595,BankAccount,BSS,1984996320,2022-11-05,CUST-261
ACC-596,BankAccount,MANDIRI,6835791268,2020-07-15,CUST-493
ACC-597,VirtualAccount,BSS,5024227999,2021-10-11,CUST-351
ACC-598,BankAccount,BRI,1939420881,2022-07-07,CUST-498
ACC-599,BankAccount,BRI,5024833392,2019-02-12,CUST-188
ACC-600,VirtualAccount,MANDIRI,4682921665,2019-03-14,CUST-448
ACC-601,BankAccount,BCA,8077660541,2018-11-22,CUST-44
ACC-602,VirtualAccount,BTPN,1327592991,2020-08-02,CUST-470
ACC-603,VirtualAccount,DBS,2891547187,2019-11-19,CUST-256
ACC-604,BankAccount,BCA,1320216919,2021-12-14,CUST-162
ACC-605,BankAccount,BNI,8863101914,2022-07-22,CUST-287
ACC-606,BankAccount,BSS,1505238900,2022-11-05,CUST-425
ACC-607,VirtualAccount,BCA,7311164060,2022-09-24,CUST-495
ACC-608,VirtualAccount,BNI,6907622645,2022-05-02,CUST-110
ACC-609,VirtualAccount,BSS,7317258857,2020-05-10,CUST-59
ACC-610,VirtualAccount,BRI,8711035013,2022-03-04,CUST-241
ACC-611,BankAccount,BSS,9044092529,2021-07-20,CUST-489
ACC-612,BankAccount,MANDIRI,4992116795,2022-05-06,CUST-196
ACC-613,VirtualAccount,BCA,6698199125,2020-02-05,CUST-304
ACC-614,BankAccount,BCA,2914845936,2022-09-07,CUST-39
ACC-615,VirtualAccount,BNI,9534456012,2019-12-03,CUST-8
ACC-616,BankAccount,BTPN,3299643967,2021-04-18,CUST-84
ACC-617,BankAccount,MANDIRI,7269163553,2019-01-20,CUST-332
ACC-618,VirtualAccount,MANDIRI,1168401399,2020-01-30,CUST-275
ACC-619,BankAccount,BSS,2798674972,2019-01-14,CUST-173
ACC-620,BankAccount,MANDIRI,4195092698,2019-11-27,CUST-90
ACC-621,BankAccount,BNI,4408205311,2021-08-15,CUST-242
ACC-622,VirtualAccount,MANDIRI,0423404164,2022-10-17,CUST-346
ACC-623,BankAccount,BNI,2768794511,2022-07-15,CUST-326
ACC-624,BankAccount,MANDIRI,7607659609,2022-08-13,CUST-180
ACC-625,VirtualAccount,BTPN,0712548017,2020-07-27,CUST-366
ACC-626,BankAccount,BCA,0670310433,2021-04-20,CUST-450
ACC-627,VirtualAccount,BCA,6947331013,2020-05-07,CUST-255
ACC-628,VirtualAccount,BCA,3870309369,2020-02-28,CUST-246
ACC-629,VirtualAccount,BCA,6844387016,2020-07-20,CUST-477
ACC-630,VirtualAccount,BSS,5154243617,2021-12-04,CUST-76
ACC-631,VirtualAccount,BSS,0615566006,2019-03-14,CUST-443
ACC-632,BankAccount,BCA,1688423346,2022-01-17,CUST-488
ACC-633,VirtualAccount,DBS,9020625667,2019-03-09,CUST-401
ACC-634,VirtualAccount,BTPN,7142553626,2019-01-31,CUST-125
ACC-635,BankAccount,BTPN,1609318854,2021-12-13,CUST-336
ACC-636,VirtualAccount,DBS,0296234206,2022-02-25,CUST-321
ACC-637,BankAccount,BNI,5725344843,2020-02-08,CUST-152
ACC-638,BankAccount,BRI,6724706831,2021-09-20,CUST-280
ACC-639,BankAccount,DBS,1349876275,2021-07-17,CUST-268
ACC-640,VirtualAccount,BCA,4391052660,2019-08-02,CUST-399
ACC-641,VirtualAccount,BSS,7835700107,2021-07-29,CUST-10
ACC-642,VirtualAccount,BRI,6259870639,2022-08-19,CUST-36
ACC-643,BankAccount,BTPN,1408883309,2018-12-11,CUST-320
ACC-644,VirtualAccount,MANDIRI,2321987618,2019-07-05,CUST-87
ACC-645,VirtualAccount,BCA,3284934022,2021-06-11,CUST-188
ACC-646,BankAccount,BNI,6155875952,2021-03-24,CUST-41
ACC-647,BankAccount,BTPN,2633332501,2020-09-02,CUST-448
ACC-648,BankAccount,BNI,7486488698,2022-06-26,CUST-395
ACC-649,VirtualAccount,BTPN,4067499604,2019-08-04,CUST-332
ACC-650,VirtualAccount,DBS,3395684652,2021-04-15,CUST-10
ACC-651,BankAccount,DBS,7351578877,2019-04-05,CUST-295
ACC-652,VirtualAccount,BCA,5439604669,2022-01-28,CUST-149
ACC-653,BankAccount,DBS,8177540696,2020-05-09,CUST-283
ACC-654,VirtualAccount,BSS,8542808045,2019-10-04,CUST-416
ACC-655,BankAccount,BNI,6316911696,2021-12-05,CUST-264
ACC-656,BankAccount,BNI,4675842968,2019-01-11,CUST-162
ACC-657,BankAccount,DBS,3264200678,2022-05-14,CUST-289
ACC-658,BankAccount,BTPN,9219146991,2020-10-14,CUST-494
ACC-659,VirtualAccount,BNI,3437672606,2022-03-17,CUST-359
ACC-660,BankAccount,BSS,0013654225,2019-10-31,CUST-9
ACC-661,BankAccount,BTPN,3074553235,2022-06-04,CUST-124
ACC-662,VirtualAccount,DBS,2451897619,2021-11-23,CUST-92
ACC-663,BankAccount,BSS,5311368578,2019-01-04,CUST-442
ACC-664,BankAccount,DBS,9412369808,2019-08-03,CUST-126
ACC-665,BankAccount,DBS,9475611703,2020-12-15,CUST-141
ACC-666,BankAccount,MANDIRI,2285094396,2022-06-19,CUST-190
ACC-667,VirtualAccount,BSS,6436670742,2021-03-02,CUST-436
ACC-668,BankAccount,BTPN,4838527721,2020-10-27,CUST-430
ACC-669,VirtualAccount,MANDIRI,6439641425,2021-11-02,CUST-441
ACC-670,VirtualAccount,DBS,8656456695,2022-03-10,CUST-157
ACC-671,VirtualAccount,BNI,6865020952,2022-05-18,CUST-97
ACC-672,VirtualAccount,BTPN,7808650536,2021-01-12,CUST-160
ACC-673,BankAccount,BTPN,8505321995,2021-09-04,CUST-453
ACC-674,VirtualAccount,DBS,0691951853,2019-05-22,CUST-195
ACC-675,BankAccount,BNI,8005843119,2020-06-19,CUST-238
ACC-676,VirtualAccount,BSS,4547026416,2021-04-06,CUST-356
ACC-677,BankAccount,MANDIRI,0317822195,2019-01-09,CUST-283
ACC-678,BankAccount,BNI,4138591265,2020-11-26,CUST-1
ACC-679,VirtualAccount,BSS,1399558188,2019-06-25,CUST-221
ACC-680,BankAccount,BCA,1737696630,2019-01-31,CUST-86
ACC-681,VirtualAccount,BCA,1203649681,2022-10-01,CUST-450
ACC-682,BankAccount,BCA,9140896668,2021-03-24,CUST-11
ACC-683,VirtualAccount,BRI,5457960889,2021-11-10,CUST-56
ACC-684,BankAccount,BRI,8793796242,2021-08-01,CUST-179
ACC-685,BankAccount,MANDIRI,5117930967,2020-07-04,CUST-113
ACC-686,VirtualAccount,BSS,6609664463,2020-12-03,CUST-42
ACC-687,BankAccount,BRI,9387451127,2018-12-11,CUST-122
ACC-688,BankAccount,BNI,3151482988,2021-02-20,CUST-83
ACC-689,VirtualAccount,DBS,2946970043,2020-10-15,CUST-1
ACC-690,BankAccount,DBS,0697866424,2020-09-27,CUST-44
ACC-691,VirtualAccount,MANDIRI,7967973178,2021-12-04,CUST-193
ACC-692,BankAccount,MANDIRI,1142405400,2019-09-24,CUST-278
ACC-693,VirtualAccount,BRI,3603418050,2021-09-20,CUST-121
ACC-694,VirtualAccount,BCA,6990735139,2022-06-20,CUST-154
ACC-695,BankAccount,BCA,7893638370,2021-11-26,CUST-64
ACC-696,BankAccount,MANDIRI,1883009049,2021-07-02,CUST-16
ACC-697,BankAccount,BCA,6824475505,2020-02-22,CUST-156
ACC-698,BankAccount,MANDIRI,4139358068,2022-09-19,CUST-477
ACC-699,VirtualAccount,BCA,0150419279,2020-10-29,CUST-67
ACC-700,VirtualAccount,BRI,3512569234,2021-12-01,CUST-145
ACC-701,BankAccount,BTPN,8608272326,2019-08-26,CUST-439
ACC-702,BankAccount,BTPN,0827415842,2019-03-03,CUST-188
ACC-703,VirtualAccount,BTPN,1192127048,2020-12-07,CUST-213
ACC-704,BankAccount,BNI,9491096516,2019-03-28,CUST-222
ACC-705,BankAccount,BRI,5499669260,2019-06-08,CUST-6
ACC-706,BankAccount,BNI,2487958650,2019-04-30,CUST-185
ACC-707,BankAccount,BCA,4937494325,2021-10-23,CUST-201
ACC-708,VirtualAccount,BRI,6104726550,2021-01-21,CUST-3
ACC-709,BankAccount,BRI,8229701954,2021-08-29,CUST-194
ACC-710,VirtualAccount,BNI,8775101017,2021-05-03,CUST-197
ACC-711,BankAccount,BRI,8108537339,2018-11-30,CUST-326
ACC-712,BankAccount,BNI,8505442474,2022-09-10,CUST-475
ACC-713,BankAccount,BRI,8370809499,2020-02-17,CUST-440
ACC-714,VirtualAccount,DBS,7410859385,2021-03-07,CUST-178
ACC-715,VirtualAccount,BTPN,0364574445,2019-03-15,CUST-289
ACC-716,BankAccount,BRI,5837202374,2021-12-29,CUST-140
ACC-717,BankAccount,BNI,6049727481,2019-09-19,CUST-85
ACC-718,VirtualAccount,MANDIRI,3878440677,2018-11-22,CUST-464
ACC-719,BankAccount,BNI,5356364113,2022-01-06,CUST-52
ACC-720,VirtualAccount,MANDIRI,5986159195,2021-11-10,CUST-231
ACC-721,BankAccount,BTPN,6071634555,2021-12-03,CUST-457
ACC-722,BankAccount,BTPN,2032152347,2019-06-17,CUST-199
ACC-723,BankAccount,BCA,9212902405,2020-03-03,CUST-260
ACC-724,BankAccount,MANDIRI,7233685533,2020-07-11,CUST-63
ACC-725,BankAccount,BCA,3617456820,2021-11-29,CUST-427
ACC-726,VirtualAccount,BCA,1056276428,2020-10-25,CUST-497
ACC-727,VirtualAccount,BSS,3464782492,2020-08-12,CUST-192
ACC-728,BankAccount,DBS,9732373512,2021-02-04,CUST-158
ACC-729,BankAccount,BCA,7384346827,2021-12-24,CUST-60
ACC-730,VirtualAccount,BRI,5257206501,2019-07-14,CUST-250
ACC-731,BankAccount,BSS,6342592721,2019-11-18,CUST-312
ACC-732,BankAccount,DBS,1621776891,2021-08-31,CUST-26
ACC-733,BankAccount,BNI,8006919550,2018-11-28,CUST-332
ACC-734,VirtualAccount,BSS,8294244163,2019-11-12,CUST-472
ACC-735,VirtualAccount,BNI,0154312533,2022-07-31,CUST-406
ACC-736,VirtualAccount,BSS,5508353623,2020-02-01,CUST-367
ACC-737,BankAccount,BRI,6470891098,2020-01-22,CUST-296
ACC-738,BankAccount,BNI,3460821728,2022-02-26,CUST-437
ACC-739,VirtualAccount,BTPN,7697141752,2021-04-13,CUST-424
ACC-740,VirtualAccount,BRI,2637869100,2020-08-27,CUST-138
ACC-741,VirtualAccount,DBS,8713075136,2020-11-12,CUST-410
ACC-742,BankAccount,MANDIRI,7851918065,2020-01-29,CUST-44
ACC-743,BankAccount,BCA,5744308148,2020-08-12,CUST-402
ACC-744,BankAccount,BRI,6093623122,2020-12-20,CUST-138
ACC-745,VirtualAccount,BCA,2623211426,2021-08-20,CUST-162
ACC-746,BankAccount,MANDIRI,0081842341,2019-07-26,CUST-323
ACC-747,BankAccount,BSS,7216750705,2020-08-07,CUST-456
ACC-748,BankAccount,DBS,5037203082,2020-05-13,CUST-10
ACC-749,BankAccount,BRI,5432117290,2021-08-05,CUST-337
ACC-750,VirtualAccount,BSS,2808813848,2020-05-15,CUST-422
ACC-751,VirtualAccount,DBS,4789146065,2021-08-14,CUST-330
ACC-752,BankAccount,DBS,7317503169,2019-01-28,CUST-229
ACC-753,VirtualAccount,MANDIRI,2855016053,2022-09-09,CUST-108
ACC-754,VirtualAccount,BRI,8332685648,2022-02-14,CUST-38
ACC-755,VirtualAccount,BNI,7312044654,2020-01-08,CUST-94
ACC-756,BankAccount,DBS,2952769389,2021-01-09,CUST-389
ACC-757,BankAccount,DBS,2519930632,2020-01-27,CUST-329
ACC-758,VirtualAccount,BSS,8417767665,2020-05-13,CUST-119
ACC-759,BankAccount,BCA,2093737736,2021-03-19,CUST-124
ACC-760,BankAccount,BTPN,7775045337,2020-11-12,CUST-106
ACC-761,BankAccount,BRI,5481939762,2021-06-19,CUST-63
ACC-762,BankAccount,BRI,5788425212,2019-02-06,CUST-436
ACC-763,BankAccount,BTPN,4510316682,2020-12-07,CUST-200
ACC-764,VirtualAccount,MANDIRI,5671964172,2022-07-27,CUST-263
ACC-765,BankAccount,BRI,4494303941,2019-09-15,CUST-267
ACC-766,VirtualAccount,BSS,2301705323,2019-09-30,CUST-490
ACC-767,BankAccount,MANDIRI,5480706462,2019-04-20,CUST-206
ACC-768,BankAccount,BNI,6268823729,2020-09-06,CUST-77
ACC-769,BankAccount,BNI,8849387091,2021-04-21,CUST-104
ACC-770,BankAccount,BTPN,6399054419,2021-05-18,CUST-305
ACC-771,BankAccount,BSS,1955674051,2020-10-30,CUST-301
ACC-772,VirtualAccount,BSS,1707382344,2020-01-09,CUST-82
ACC-773,VirtualAccount,BNI,2066179345,2022-10-28,CUST-242
ACC-774,BankAccount,BRI,7403503562,2020-05-24,CUST-131
ACC-775,BankAccount,BRI,7792986438,2019-11-08,CUST-462
ACC-776,VirtualAccount,BTPN,6099620370,2021-01-28,CUST-16
ACC-777,VirtualAccount,BCA,8088565812,2020-05-09,CUST-29
ACC-778,BankAccount,BRI,0356593320,2021-07-17,CUST-55
ACC-779,BankAccount,BTPN,6112007282,2018-11-30,CUST-305
ACC-780,BankAccount,BRI,1641692944,2021-01-16,CUST-328
ACC-781,VirtualAccount,MANDIRI,6675336827,2021-09-13,CUST-363
ACC-782,BankAccount,BRI,6399777623,2021-12-22,CUST-263
ACC-783,VirtualAccount,BSS,7326890811,2020-03-10,CUST-436
ACC-784,BankAccount,BNI,4308330076,2020-03-17,CUST-374
ACC-785,VirtualAccount,BTPN,8458873249,2020-03-18,CUST-430
ACC-786,VirtualAccount,BSS,3288792613,2021-08-14,CUST-278
ACC-787,VirtualAccount,MANDIRI,3102745725,2019-11-15,CUST-460
ACC-788,BankAccount,BCA,9259076021,2020-12-02,CUST-243
ACC-789,BankAccount,DBS,1514644975,2020-07-07,CUST-225
ACC-790,BankAccount,BTPN,1086053702,2020-01-05,CUST-485
ACC-791,VirtualAccount,BRI,8045192321,2019-07-22,CUST-324
ACC-792,VirtualAccount,BRI,4859177126,2019-02-25,CUST-136
ACC-793,VirtualAccount,BCA,5088245564,2019-08-27,CUST-244
ACC-794,BankAccount,BRI,2825989568,2019-02-17,CUST-180
ACC-795,BankAccount,BTPN,2514004772,2022-01-07,CUST-89
ACC-796,VirtualAccount,BTPN,1900891603,2019-07-02,CUST-194
ACC-797,VirtualAccount,BTPN,8466230386,2020-08-27,CUST-392
ACC-798,VirtualAccount,BTPN,7612134365,2019-08-16,CUST-114
ACC-799,VirtualAccount,BTPN,7391250589,2021-01-20,CUST-243
ACC-800,VirtualAccount,DBS,7519485412,2019-03-04,CUST-101
ACC-801,VirtualAccount,DBS,9508134003,2020-05-16,CUST-90
ACC-802,VirtualAccount,BCA,4017062962,2019-11-24,CUST-118
ACC-803,VirtualAccount,BRI,3192014237,2022-03-29,CUST-58
ACC-804,VirtualAccount,BTPN,5013436052,2018-11-27,CUST-413
ACC-805,VirtualAccount,BCA,1960859013,2021-07-11,CUST-73
ACC-806,BankAccount,BNI,8065172687,2019-05-05,CUST-9
ACC-807,BankAccount,DBS,8620686577,2018-12-04,CUST-384
ACC-808,BankAccount,DBS,8707746601,2022-08-09,CUST-232
ACC-809,VirtualAccount,DBS,1896012221,2020-10-23,CUST-346
ACC-810,VirtualAccount,BTPN,1202681921,2020-04-13,CUST-225
ACC-811,BankAccount,BSS,0955135400,2019-10-12,CUST-117
ACC-812,VirtualAccount,BNI,2472241682,2021-06-04,CUST-477
ACC-813,BankAccount,BRI,6163123700,2021-02-24,CUST-102
ACC-814,BankAccount,BNI,3324172470,2021-05-05,CUST-203
ACC-815,VirtualAccount,BCA,9334289635,2020-04-09,CUST-182
ACC-816,VirtualAccount,BTPN,1845452453,2020-09-20,CUST-461
ACC-817,VirtualAccount,BRI,3846135623,2021-07-07,CUST-198
ACC-818,VirtualAccount,MANDIRI,3388173753,2022-05-28,CUST-159
ACC-819,VirtualAccount,MANDIRI,6217919745,2022-10-18,CUST-259
ACC-820,VirtualAccount,DBS,6748818400,2022-05-17,CUST-189
ACC-821,BankAccount,BRI,9770207020,2021-09-21,CUST-64
ACC-822,VirtualAccount,MANDIRI,0472085360,2022-07-11,CUST-389
ACC-823,VirtualAccount,BCA,9515838045,2020-08-02,CUST-475
ACC-824,BankAccount,BCA,4453881665,2020-05-30,CUST-351
ACC-825,VirtualAccount,BRI,7209895175,2019-01-30,CUST-320
ACC-826,BankAccount,BSS,4135095917,2018-12-10,CUST-183
ACC-827,BankAccount,BTPN,3631805098,2021-03-03,CUST-340
ACC-828,VirtualAccount,BNI,5212734819,2020-09-25,CUST-108
ACC-829,VirtualAccount,MANDIRI,9117408903,2019-01-21,CUST-437
ACC-830,VirtualAccount,BRI,7563661891,2020-12-06,CUST-373
ACC-831,BankAccount,BSS,8657148935,2019-12-28,CUST-137
ACC-832,BankAccount,BNI,0703083457,2022-09-27,CUST-200
ACC-833,BankAccount,BTPN,5814112778,2022-09-28,CUST-231
ACC-834,BankAccount,BCA,7482819347,2022-03-13,CUST-170
ACC-835,BankAccount,BRI,3815445167,2022-05-27,CUST-236
ACC-836,VirtualAccount,BNI,8699845421,2021-03-27,CUST-2
ACC-837,BankAccount,BRI,6981048213,2020-07-27,CUST-381
ACC-838,BankAccount,BTPN,3337089100,2020-12-01,CUST-228
ACC-839,BankAccount,BTPN,6551634362,2019-11-16,CUST-475
ACC-840,BankAccount,BTPN,5107884261,2022-02-28,CUST-56
ACC-841,VirtualAccount,BSS,7282232466,2019-12-11,CUST-316
ACC-842,VirtualAccount,BNI,4611007219,2022-06-26,CUST-243
ACC-843,BankAccount,BTPN,5530568351,2019-12-17,CUST-116
ACC-844,BankAccount,BNI,7838932475,2019-07-12,CUST-119
ACC-845,VirtualAccount,BRI,8694258684,2019-07-01,CUST-303
ACC-846,VirtualAccount,BCA,4513862882,2021-12-30,CUST-430
ACC-847,VirtualAccount,BRI,4952125424,2019-12-22,CUST-304
ACC-848,VirtualAccount,DBS,5407153831,2020-12-15,CUST-440
ACC-849,VirtualAccount,BTPN,5429663166,2021-10-03,CUST-364
ACC-850,VirtualAccount,BRI,4372997086,2021-07-17,CUST-379
ACC-851,BankAccount,BNI,2597530787,2022-03-26,CUST-216
ACC-852,BankAccount,MANDIRI,3661595660,2020-04-19,CUST-244
ACC-853,BankAccount,BCA,0811687651,2021-01-03,CUST-106
ACC-854,BankAccount,BNI,7685762757,2019-11-11,CUST-313
ACC-855,BankAccount,MANDIRI,6980578332,2019-03-25,CUST-351
ACC-856,VirtualAccount,DBS,5711261908,2019-02-06,CUST-137
ACC-857,BankAccount,DBS,7909703139,2021-06-06,CUST-444
ACC-858,BankAccount,BRI,7230441269,2021-01-25,CUST-202
ACC-859,BankAccount,BSS,6363148227,2021-12-05,CUST-337
ACC-860,BankAccount,MANDIRI,0502906464,2020-07-19,CUST-235
ACC-861,BankAccount,BCA,6820202903,2021-03-10,CUST-369
ACC-862,BankAccount,BNI,5603452978,2019-07-29,CUST-50
ACC-863,BankAccount,BSS,6399513820,2022-02-21,CUST-356
ACC-864,BankAccount,DBS,6311458357,2018-12-10,CUST-244
ACC-865,BankAccount,BSS,2223472974,2021-12-07,CUST-134
ACC-866,VirtualAccount,BNI,5748437317,2022-07-31,CUST-283
ACC-867,BankAccount,BTPN,5844736346,2018-11-10,CUST-363
ACC-868,BankAccount,BTPN,1372303855,2020-02-18,CUST-182
ACC-869,VirtualAccount,DBS,2463618620,2022-05-16,CUST-315
ACC-870,BankAccount,BRI,2508572144,2020-05-06,CUST-171
ACC-871,VirtualAccount,BTPN,4423279347,2021-03-29,CUST-184
ACC-872,VirtualAccount,BCA,1680064533,2019-12-15,CUST-203
ACC-873,BankAccount,BCA,9774500407,2020-09-04,CUST-144
ACC-874,VirtualAccount,MANDIRI,3766320114,2021-08-30,CUST-253
ACC-875,VirtualAccount,MANDIRI,7925052597,2020-12-01,CUST-11
ACC-876,BankAccount,BSS,4000045709,2019-11-15,CUST-374
ACC-877,BankAccount,MANDIRI,5358184317,2022-04-22,CUST-190
ACC-878,BankAccount,BSS,9361679899,2020-07-13,CUST-185
ACC-879,VirtualAccount,DBS,7497899899,2022-11-07,CUST-361
ACC-880,VirtualAccount,BRI,8167271374,2020-09-08,CUST-73
ACC-881,VirtualAccount,DBS,0956771173,2020-02-17,CUST-46
ACC-882,VirtualAccount,MANDIRI,2967089028,2022-08-12,CUST-252
ACC-883,BankAccount,DBS,8657265060,2022-05-01,CUST-234
ACC-884,BankAccount,BTPN,5086695694,2022-02-28,CUST-162
ACC-885,VirtualAccount,MANDIRI,8663666802,2021-07-18,CUST-43
ACC-886,VirtualAccount,BRI,2210665884,2022-10-04,CUST-359
ACC-887,VirtualAccount,BSS,9673111421,2022-10-05,CUST-164
ACC-888,VirtualAccount,BCA,4642338063,2019-12-06,CUST-97
ACC-889,VirtualAccount,BNI,4204198252,2019-05-14,CUST-48
ACC-890,BankAccount,BSS,6791288388,2020-11-10,CUST-30
ACC-891,VirtualAccount,DBS,2140049934,2022-10-05,CUST-76
ACC-892,VirtualAccount,MANDIRI,0813210380,2021-08-14,CUST-109
ACC-893,VirtualAccount,BNI,1181466385,2021-12-15,CUST-455
ACC-894,VirtualAccount,BNI,0561622027,2021-06-09,CUST-318
ACC-895,BankAccount,BCA,8171422896,2022-01-19,CUST-117
ACC-896,BankAccount,BSS,7966906914,2020-08-11,CUST-206
ACC-897,VirtualAccount,BTPN,6952191348,2021-06-17,CUST-375
ACC-898,BankAccount,BTPN,6121560541,2020-01-04,CUST-251
ACC-899,VirtualAccount,BCA,8582317220,2021-12-15,CUST-282
ACC-900,BankAccount,MANDIRI,3134556065,2019-03-03,CUST-67
ACC-901,BankAccount,BTPN,1413732860,2020-06-15,CUST-344
ACC-902,BankAccount,BNI,5077383367,2021-03-26,CUST-276
ACC-903,BankAccount,MANDIRI,1574418866,2021-06-17,CUST-49
ACC-904,BankAccount,BRI,0758118139,2021-04-21,CUST-227
ACC-905,BankAccount,BTPN,5663969381,2019-05-04,CUST-158
ACC-906,VirtualAccount,DBS,5220256025,2019-06-21,CUST-374
ACC-907,VirtualAccount,BNI,6581326003,2021-02-26,CUST-291
ACC-908,BankAccount,DBS,7088803704,2021-12-14,CUST-10
ACC-909,BankAccount,MANDIRI,3438736292,2019-09-21,CUST-92
ACC-910,BankAccount,BNI,3505646148,2020-12-14,CUST-338
ACC-911,BankAccount,BTPN,8328393085,2018-12-21,CUST-10
ACC-912,VirtualAccount,BTPN,7056073034,2019-12-18,CUST-192
ACC-913,VirtualAccount,BNI,1283079615,2019-08-14,CUST-195
ACC-914,VirtualAccount,BNI,2734245450,2020-08-19,CUST-74
ACC-915,BankAccount,DBS,8829183148,2021-10-02,CUST-139
ACC-916,BankAccount,BSS,2487952644,2021-11-11,CUST-159
ACC-917,VirtualAccount,BTPN,5442569917,2019-07-04,CUST-267
ACC-918,VirtualAccount,MANDIRI,1050251830,2019-10-31,CUST-152
ACC-919,VirtualAccount,BRI,2177068436,2020-09-20,CUST-359
ACC-920,VirtualAccount,DBS,5036202627,2021-09-15,CUST-4
ACC-921,VirtualAccount,MANDIRI,6666960815,2022-04-30,CUST-24
ACC-922,VirtualAccount,BNI,2205257587,2021-08-26,CUST-123
ACC-923,BankAccount,BSS,9273336876,2019-11-06,CUST-489
ACC-924,VirtualAccount,BRI,1658280644,2019-02-10,CUST-158
ACC-925,VirtualAccount,BTPN,6528377936,2019-09-24,CUST-469
ACC-926,BankAccount,MANDIRI,3424799254,2020-03-03,CUST-145
ACC-927,BankAccount,BSS,4162874247,2020-07-16,CUST-96
ACC-928,BankAccount,MANDIRI,4221943556,2022-05-05,CUST-288
ACC-929,VirtualAccount,BTPN,1793250065,2020-07-05,CUST-280
ACC-930,VirtualAccount,MANDIRI,4051534359,2021-09-26,CUST-475
ACC-931,VirtualAccount,BSS,0944587828,2022-08-06,CUST-230
ACC-932,BankAccount,BSS,4773387661,2020-04-30,CUST-175
ACC-933,BankAccount,BSS,5073507495,2021-07-23,CUST-457
ACC-934,BankAccount,MANDIRI,6890970799,2020-05-28,CUST-441
ACC-935,BankAccount,BRI,6922841042,2022-02-19,CUST-452
ACC-936,BankAccount,BSS,2478863456,2019-08-02,CUST-50
ACC-937,VirtualAccount,BNI,0198961227,2020-06-03,CUST-475
ACC-938,BankAccount,BTPN,5227269653,2019-11-13,CUST-291
ACC-939,VirtualAccount,BCA,8997913840,2021-03-25,CUST-411
ACC-940,VirtualAccount,BRI,9225906730,2021-02-05,CUST-393
ACC-941,BankAccount,BNI,6934260384,2020-03-12,CUST-79
ACC-942,VirtualAccount,BRI,3345783436,2018-11-13,CUST-354
ACC-943,BankAccount,BCA,6878865409,2021-09-10,CUST-116
ACC-944,BankAccount,BNI,3910832288,2021-09-18,CUST-452
ACC-945,BankAccount,DBS,1248216822,2019-10-21,CUST-287
ACC-946,VirtualAccount,BCA,8132897463,2022-02-01,CUST-1
ACC-947,VirtualAccount,BTPN,1621495973,2021-02-22,CUST-36
ACC-948,BankAccount,BSS,9175514788,2022-06-25,CUST-259
ACC-949,BankAccount,BSS,2465614991,2019-07-20,CUST-225
ACC-950,VirtualAccount,MANDIRI,3144663808,2021-05-17,CUST-268
ACC-951,VirtualAccount,BSS,4530346811,2018-12-30,CUST-122
ACC-952,VirtualAccount,BNI,7246706356,2020-02-29,CUST-191
ACC-953,VirtualAccount,MANDIRI,1492880434,2022-01-14,CUST-375
ACC-954,BankAccount,BNI,5831151026,2018-11-12,CUST-341
ACC-955,VirtualAccount,BNI,8472184579,2021-11-20,CUST-199
ACC-956,BankAccount,BSS,0109976886,2018-12-06,CUST-402
ACC-957,BankAccount,BSS,9665940619,2018-12-02,CUST-302
ACC-958,BankAccount,MANDIRI,6805353920,2019-10-27,CUST-461
ACC-959,BankAccount,BSS,5287047703,2021-03-05,CUST-304
ACC-960,VirtualAccount,DBS,2586379632,2020-10-01,CUST-18
ACC-961,BankAccount,MANDIRI,1764585240,2021-01-31,CUST-282
ACC-962,VirtualAccount,DBS,9776325254,2021-09-23,CUST-114
ACC-963,BankAccount,MANDIRI,9740080499,2022-06-13,CUST-284
ACC-964,BankAccount,BTPN,8302739944,2019-06-19,CUST-461
ACC-965,VirtualAccount,MANDIRI,3825408450,2022-03-12,CUST-376
ACC-966,BankAccount,MANDIRI,5341048768,2021-11-16,CUST-90
ACC-967,VirtualAccount,DBS,4859329287,2020-08-14,CUST-215
ACC-968,VirtualAccount,MANDIRI,8979132794,2020-01-12,CUST-451
ACC-969,VirtualAccount,BNI,1827706562,2021-04-13,CUST-256
ACC-970,VirtualAccount,BNI,7512230656,2021-01-12,CUST-400
ACC-971,BankAccount,BNI,8279741186,2019-01-29,CUST-425
ACC-972,VirtualAccount,MANDIRI,8764849112,2020-06-26,CUST-141
ACC-973,BankAccount,BNI,2139453727,2020-06-13,CUST-64
ACC-974,VirtualAccount,BCA,0645488844,2021-03-23,CUST-384
ACC-975,BankAccount,MANDIRI,1340808315,2019-10-19,CUST-250
ACC-976,VirtualAccount,BRI,5310297642,2021-10-13,CUST-353
ACC-977,BankAccount,BSS,5827816655,2020-12-13,CUST-320
ACC-978,VirtualAccount,BSS,7009791996,2019-08-23,CUST-464
ACC-979,BankAccount,DBS,3907924134,2022-03-03,CUST-49
ACC-980,BankAccount,BTPN,7588980648,2021-01-07,CUST-340
ACC-981,VirtualAccount,BRI,7429062229,2022-03-14,CUST-185
ACC-982,VirtualAccount,DBS,8649247199,2021-09-19,CUST-371
ACC-983,VirtualAccount,BCA,9207192799,2020-01-23,CUST-53
ACC-984,BankAccount,BTPN,3746974860,2020-08-25,CUST-493
ACC-985,BankAccount,BTPN,6244571444,2019-11-10,CUST-390
ACC-986,BankAccount,BSS,7341384778,2019-10-27,CUST-427
ACC-987,BankAccount,BTPN,3208727917,2019-08-16,CUST-293
ACC-988,VirtualAccount,BSS,2694424996,2022-01-22,CUST-365
ACC-989,BankAccount,MANDIRI,1027726704,2021-03-28,CUST-479
ACC-990,BankAccount,MANDIRI,7535083021,2019-08-14,CUST-473
ACC-991,VirtualAccount,BNI,6124270218,2021-07-19,CUST-278
ACC-992,BankAccount,BTPN,5840179531,2021-08-08,CUST-375
ACC-993,BankAccount,BRI,5712766124,2020-02-16,CUST-329
ACC-994,BankAccount,BNI,9394572449,2019-02-17,CUST-329
ACC-995,VirtualAccount,BSS,4304049151,2019-03-26,CUST-120
ACC-996,VirtualAccount,BTPN,0287371891,2019-01-21,CUST-241
ACC-997,BankAccount,DBS,8140889458,2019-01-09,CUST-45
ACC-998,BankAccount,BRI,4719829740,2019-11-20,CUST-265
ACC-999,VirtualAccount,DBS,0597131333,2021-04-04,CUST-421
ACC-1000,BankAccount,BTPN,3984676565,2019-02-17,CUST-198
